hex_id,geometry,total_apartments,avg_price_m2
8810c22811fffff,"POLYGON ((60.505014009694996 56.88528974398889, 60.50757720649454 56.88046946234975, 60.51660904905523 56.87936415741019, 60.52307950238687 56.88307900651902, 60.520517807192576 56.88789961377594, 60.5114841567922 56.889005046342, 60.505014009694996 56.88528974398889))",177,416.0
8810c22815fffff,"POLYGON ((60.501108769387024 56.8767538473203, 60.50367186819101 56.871933380551894, 60.51270190355081 56.87082820311814, 60.51917064703844 56.8745433649827, 60.51660904905523 56.87936415741019, 60.50757720649454 56.88046946234975, 60.501108769387024 56.8767538473203))",85,551.0
8810c22817fffff,"POLYGON ((60.51660904905523 56.87936415741019, 60.51917064703844 56.8745433649827, 60.5282011969023 56.87343709619338, 60.53467195558466 56.87715149203465, 60.532111859321425 56.881972609897026, 60.52307950238687 56.88307900651902, 60.51660904905523 56.87936415741019))",54,483.0
8810c22819fffff,"POLYGON ((60.493416078689684 56.891213855333504, 60.49598087481334 56.886394084792386, 60.505014009694996 56.88528974398889, 60.5114841567922 56.889005046342, 60.50892086215843 56.89382514268376, 60.49988591866816 56.89492961090749, 60.493416078689684 56.891213855333504))",50,434.0
8810c2281dfffff,"POLYGON ((60.489512744969744 56.88267801662153, 60.4920774424746 56.87785806082427, 60.501108769387024 56.8767538473203, 60.50757720649454 56.88046946234975, 60.505014009694996 56.88528974398889, 60.49598087481334 56.886394084792386, 60.489512744969744 56.88267801662153))",106,463.0
8810c22823fffff,"POLYGON ((60.48940271178514 56.85114317404179, 60.491965515637006 56.84632215289496, 60.50099013322401 56.8452173572551, 60.50745375197669 56.84893345565359, 60.504892446595555 56.853754802583424, 60.49586602372232 56.8548597253674, 60.48940271178514 56.85114317404179))",4,391.0
8810c22833fffff,"POLYGON ((60.52429214759266 56.86490108461091, 60.526852050517206 56.860079596829245, 60.535879501644985 56.85897249239472, 60.542348855243645 56.86268674785954, 60.53979045336902 56.86750856093462, 60.53076119657715 56.868615793287226, 60.52429214759266 56.86490108461091))",34,454.0
8810c2283bfffff,"POLYGON ((60.51270190355081 56.87082820311814, 60.515263404161324 56.86600722568824, 60.52429214759266 56.86490108461091, 60.53076119657715 56.868615793287226, 60.5282011969023 56.87343709619338, 60.51917064703844 56.8745433649827, 60.51270190355081 56.87082820311814))",77,430.0
8810c22881fffff,"POLYGON ((60.578635457190416 56.88978681456637, 60.581191042901345 56.88496472174668, 60.59022363802913 56.88385408507302, 60.59670245371795 56.887565412114874, 60.594148373321005 56.8923878294706, 60.58511397165257 56.89349859528442, 60.578635457190416 56.88978681456637))",68,442.0
8810c22883fffff,"POLYGON ((60.594148373321005 56.8923878294706, 60.59670245371795 56.887565412114874, 60.60573555696932 56.88645368285628, 60.6122163859609 56.89016424152239, 60.60966381177568 56.894986983188936, 60.60062890211854 56.896098841914544, 60.594148373321005 56.8923878294706))",219,472.0
8810c22885fffff,"POLYGON ((60.57471424089597 56.881252626799316, 60.57726973237408 56.87643034881116, 60.58630052159822 56.875319841156674, 60.592777624979334 56.87903148250712, 60.59022363802913 56.88385408507302, 60.581191042901345 56.88496472174668, 60.57471424089597 56.881252626799316))",28,684.0
8810c22889fffff,"POLYGON ((60.567044379807506 56.895718070477265, 60.56960156478949 56.890896487713604, 60.578635457190416 56.88978681456637, 60.58511397165257 56.89349859528442, 60.582558291872644 56.89832050276744, 60.57352259215962 56.89943030484901, 60.567044379807506 56.895718070477265))",37,378.0
8810c2288bfffff,"POLYGON ((60.582558291872644 56.89832050276744, 60.58511397165257 56.89349859528442, 60.594148373321005 56.8923878294706, 60.60062890211854 56.896098841914544, 60.59807472843916 56.900921073891865, 60.589038519592876 56.902031968966966, 60.582558291872644 56.89832050276744))",118,426.0
8810c2288dfffff,"POLYGON ((60.563125065042776 56.8871839391919, 60.56568215516959 56.88236217113323, 60.57471424089597 56.881252626799316, 60.581191042901345 56.88496472174668, 60.578635457190416 56.88978681456637, 60.56960156478949 56.890896487713604, 60.563125065042776 56.8871839391919))",122,467.0
8810c22891fffff,"POLYGON ((60.61359368784681 56.90351978313486, 60.61614635452742 56.89869722688852, 60.625181770893654 56.89758427500625, 60.63166632721725 56.90129374949132, 60.62911516843334 56.90611662978118, 60.6200779451605 56.90722971157853, 60.61359368784681 56.90351978313486))",221,443.0
8810c22893fffff,"POLYGON ((60.62911516843334 56.90611662978118, 60.63166632721725 56.90129374949132, 60.64070224901209 56.90017970420788, 60.64718881852402 56.90388840900845, 60.64463916853447 56.90871161311611, 60.63560143997007 56.90982578864155, 60.62911516843334 56.90611662978118))",78,435.0
8810c22895fffff,"POLYGON ((60.60966381177568 56.894986983188936, 60.6122163859609 56.89016424152239, 60.62124999605713 56.88905141943397, 60.62773283796963 56.89276120925431, 60.625181770893654 56.89758427500625, 60.61614635452742 56.89869722688852, 60.60966381177568 56.894986983188936))",195,477.0
8810c22897fffff,"POLYGON ((60.625181770893654 56.89758427500625, 60.62773283796963 56.89276120925431, 60.63676695363116 56.8916472940915, 60.64325180808158 56.89535631459612, 60.64070224901209 56.90017970420788, 60.63166632721725 56.90129374949132, 60.625181770893654 56.89758427500625))",158,460.0
8810c22899fffff,"POLYGON ((60.602002704349765 56.90945381787941, 60.60455697114698 56.904631771448635, 60.61359368784681 56.90351978313486, 60.6200779451605 56.90722971157853, 60.61752518614963 56.91205208223649, 60.60848666176989 56.91316420025967, 60.602002704349765 56.90945381787941))",174,451.0
8810c2289bfffff,"POLYGON ((60.61752518614963 56.91205208223649, 60.6200779451605 56.90722971157853, 60.62911516843334 56.90611662978118, 60.63560143997007 56.90982578864155, 60.633050189643875 56.91464848330113, 60.624011158827514 56.91576169513486, 60.61752518614963 56.91205208223649))",62,435.0
8810c2289dfffff,"POLYGON ((60.59807472843916 56.900921073891865, 60.60062890211854 56.896098841914544, 60.60966381177568 56.894986983188936, 60.61614635452742 56.89869722688852, 60.61359368784681 56.90351978313486, 60.60455697114698 56.904631771448635, 60.59807472843916 56.900921073891865))",272,492.0
8810c228a3fffff,"POLYGON ((60.597883907286985 56.86938558286115, 60.60043620299759 56.86456228594359, 60.60946439810072 56.86344985251009, 60.615942101586924 56.86716058659952, 60.613391310626504 56.871984207728126, 60.604361311161554 56.873096770592255, 60.597883907286985 56.86938558286115))",74,576.0
8810c228a5fffff,"POLYGON ((60.5784591414613 56.85824985659797, 60.581012847087436 56.853426699411465, 60.59003873107937 56.85231548681089, 60.59651271303794 56.85602730244955, 60.59396051048092 56.86085078411404, 60.584932822628126 56.86196212569778, 60.5784591414613 56.85824985659797))",115,530.0
8810c228a7fffff,"POLYGON ((60.59396051048092 56.86085078411404, 60.59651271303794 56.85602730244955, 60.60553910441475 56.85491499832573, 60.61201509669283 56.858626046592676, 60.60946439810072 56.86344985251009, 60.60043620299759 56.86456228594359, 60.59396051048092 56.86085078411404))",40,508.0
8810c228a9fffff,"POLYGON ((60.5707946420247 56.87271793992371, 60.573350039106444 56.86789547693537, 60.58237902306357 56.86678509817912, 60.58885441493752 56.870497053548895, 60.58630052159822 56.875319841156674, 60.57726973237408 56.87643034881116, 60.5707946420247 56.87271793992371))",4,729.0
8810c228adfffff,"POLYGON ((60.56687665961275 56.864182754397, 60.569431962134765 56.85936010657683, 60.5784591414613 56.85824985659797, 60.584932822628126 56.86196212569778, 60.58237902306357 56.86678509817912, 60.573350039106444 56.86789547693537, 60.56687665961275 56.864182754397))",60,522.0
8810c228b1fffff,"POLYGON ((60.6173198429568 56.88051806352202, 60.619870726120816 56.87569462735062, 60.62890123142355 56.874580972065566, 60.635382658155635 56.87829062310968, 60.63283328142398 56.88311438322482, 60.623800971259705 56.884228168388155, 60.6173198429568 56.88051806352202))",39,404.0
8810c228b3fffff,"POLYGON ((60.63283328142398 56.88311438322482, 60.635382658155635 56.87829062310968, 60.64441366801758 56.87717587515942, 60.650897105604294 56.8808847571555, 60.64834923620107 56.88570884098874, 60.639316421614595 56.88682371914392, 60.63283328142398 56.88311438322482))",31,484.0
8810c228b9fffff,"POLYGON ((60.60573555696932 56.88645368285628, 60.60828803849425 56.881630755937756, 60.6173198429568 56.88051806352202, 60.623800971259705 56.884228168388155, 60.62124999605713 56.88905141943397, 60.6122163859609 56.89016424152239, 60.60573555696932 56.88645368285628))",154,449.0
8810c228bbfffff,"POLYGON ((60.62124999605713 56.88905141943397, 60.623800971259705 56.884228168388155, 60.63283328142398 56.88311438322482, 60.639316421614595 56.88682371914392, 60.63676695363116 56.8916472940915, 60.62773283796963 56.89276120925431, 60.62124999605713 56.88905141943397))",111,474.0
8810c228bdfffff,"POLYGON ((60.601808922461565 56.877919882594455, 60.604361311161554 56.873096770592255, 60.613391310626504 56.871984207728126, 60.619870726120816 56.87569462735062, 60.6173198429568 56.88051806352202, 60.60828803849425 56.881630755937756, 60.601808922461565 56.877919882594455))",1,391.0
8810c228c3fffff,"POLYGON ((60.55545040574336 56.901647852208605, 60.558009190506574 56.89682677981083, 60.567044379807506 56.895718070477265, 60.57352259215962 56.89943030484901, 60.570965312485946 56.9042517021495, 60.56192831510151 56.90536054021146, 60.55545040574336 56.901647852208605))",17,372.0
8810c228c7fffff,"POLYGON ((60.55153299390198 56.89311377773746, 60.554091683187245 56.888292519918075, 60.563125065042776 56.8871839391919, 60.56960156478949 56.890896487713604, 60.567044379807506 56.895718070477265, 60.558009190506574 56.89682677981083, 60.55153299390198 56.89311377773746))",1,625.0
8810c228d1fffff,"POLYGON ((60.5748878640434 56.912784833751395, 60.57744523824504 56.90796362208214, 60.58648274590798 56.90685369094518, 60.59296468768808 56.9105648423369, 60.590408820262475 56.91538637864224, 60.58136950401154 56.91649643895576, 60.5748878640434 56.912784833751395))",44,487.0
8810c228d3fffff,"POLYGON ((60.590408820262475 56.91538637864224, 60.59296468768808 56.9105648423369, 60.602002704349765 56.90945381787941, 60.60848666176989 56.91316420025967, 60.605932302019625 56.917986060975835, 60.596892476904806 56.91909721493695, 60.590408820262475 56.91538637864224))",23,411.0
8810c228d5fffff,"POLYGON ((60.570965312485946 56.9042517021495, 60.57352259215962 56.89943030484901, 60.582558291872644 56.89832050276744, 60.589038519592876 56.902031968966966, 60.58648274590798 56.90685369094518, 60.57744523824504 56.90796362208214, 60.570965312485946 56.9042517021495))",58,428.0
8810c228d7fffff,"POLYGON ((60.58648274590798 56.90685369094518, 60.589038519592876 56.902031968966966, 60.59807472843916 56.900921073891865, 60.60455697114698 56.904631771448635, 60.602002704349765 56.90945381787941, 60.59296468768808 56.9105648423369, 60.58648274590798 56.90685369094518))",216,475.0
8810c228ddfffff,"POLYGON ((60.559369435023484 56.91018142701957, 60.56192831510151 56.90536054021146, 60.570965312485946 56.9042517021495, 60.57744523824504 56.90796362208214, 60.5748878640434 56.912784833751395, 60.56584905793703 56.91389380066281, 60.559369435023484 56.91018142701957))",15,610.0
8810c228e1fffff,"POLYGON ((60.543703018678215 56.87604413164324, 60.546261516518946 56.871222503485164, 60.555291285397004 56.87011417961103, 60.56176436233559 56.87382735556524, 60.5592073672272 56.87864930875072, 60.5501757921792 56.879757760990444, 60.543703018678215 56.87604413164324))",57,427.0
8810c228e3fffff,"POLYGON ((60.5592073672272 56.87864930875072, 60.56176436233559 56.87382735556524, 60.5707946420247 56.87271793992371, 60.57726973237408 56.87643034881116, 60.57471424089597 56.881252626799316, 60.56568215516959 56.88236217113323, 60.5592073672272 56.87864930875072))",3,403.0
8810c228e5fffff,"POLYGON ((60.53979045336902 56.86750856093462, 60.542348855243645 56.86268674785954, 60.55137681858905 56.86157855223024, 60.55784818532394 56.865292041466994, 60.555291285397004 56.87011417961103, 60.546261516518946 56.871222503485164, 60.53979045336902 56.86750856093462))",75,455.0
8810c228e7fffff,"POLYGON ((60.555291285397004 56.87011417961103, 60.55784818532394 56.865292041466994, 60.56687665961275 56.864182754397, 60.573350039106444 56.86789547693537, 60.5707946420247 56.87271793992371, 60.56176436233559 56.87382735556524, 60.555291285397004 56.87011417961103))",48,462.0
8810c228ebfffff,"POLYGON ((60.547617198534844 56.88457920406327, 60.5501757921792 56.879757760990444, 60.5592073672272 56.87864930875072, 60.56568215516959 56.88236217113323, 60.563125065042776 56.8871839391919, 60.554091683187245 56.888292519918075, 60.547617198534844 56.88457920406327))",55,486.0
8810c228edfffff,"POLYGON ((60.5282011969023 56.87343709619338, 60.53076119657715 56.868615793287226, 60.53979045336902 56.86750856093462, 60.546261516518946 56.871222503485164, 60.543703018678215 56.87604413164324, 60.53467195558466 56.87715149203465, 60.5282011969023 56.87343709619338))",96,456.0
8810c22927fffff,"POLYGON ((60.458257253817 56.782826248423355, 60.46081926408925 56.77800375634731, 60.46982946231892 56.776899973531926, 60.47627945020142 56.780618556645095, 60.47371893215694 56.78544137483436, 60.464706933734576 56.78654528383266, 60.458257253817 56.782826248423355))",2,322.0
8810c22931fffff,"POLYGON ((60.481502679078275 56.80252269829514, 60.48406339491619 56.797700246908654, 60.49307770982902 56.796595123190684, 60.49953310997312 56.80031232414572, 60.496973888815795 56.805135101339424, 60.487957772566 56.80624035180641, 60.481502679078275 56.80252269829514))",74,434.0
8810c22933fffff,"POLYGON ((60.496973888815795 56.805135101339424, 60.49953310997312 56.80031232414572, 60.508547939281954 56.79920611176426, 60.515005348374366 56.80292254953688, 60.512447622792706 56.807745652314125, 60.503430992275256 56.808851991770794, 60.496973888815795 56.805135101339424))",31,439.0
8810c22935fffff,"POLYGON ((60.47761000409202 56.79398228324129, 60.48017062111287 56.78915964836901, 60.48918313532444 56.788054651280014, 60.49563683294873 56.79177216246982, 60.49307770982902 56.796595123190684, 60.48406339491619 56.797700246908654, 60.47761000409202 56.79398228324129))",440,534.0
8810c22937fffff,"POLYGON ((60.49307770982902 56.796595123190684, 60.49563683294873 56.79177216246982, 60.50464986168435 56.79066607704348, 60.511105567605895 56.794382825418445, 60.508547939281954 56.79920611176426, 60.49953310997312 56.80031232414572, 60.49307770982902 56.796595123190684))",222,422.0
8810c22939fffff,"POLYGON ((60.46992476930284 56.80844880176155, 60.472487078363045 56.803626860019065, 60.481502679078275 56.80252269829514, 60.487957772566 56.80624035180641, 60.4853969580706 56.811062619538326, 60.47637955525468 56.812166907805064, 60.46992476930284 56.80844880176155))",2,676.0
8810c2293bfffff,"POLYGON ((60.4853969580706 56.811062619538326, 60.487957772566 56.80624035180641, 60.496973888815795 56.805135101339424, 60.503430992275256 56.808851991770794, 60.500871673240454 56.8136745852686, 60.49185375501768 56.8147799626047, 60.4853969580706 56.811062619538326))",8,499.0
8810c22949fffff,"POLYGON ((60.39263976447943 56.82689397573693, 60.39521143696115 56.822074729770435, 60.40423113313411 56.82097659624967, 60.41068096195931 56.82469758366682, 60.40811078177542 56.82951715679682, 60.39908928019951 56.83061541538148, 60.39263976447943 56.82689397573693))",5,440.0
8810c22981fffff,"POLYGON ((60.55122087530655 56.83003703493073, 60.553775797960846 56.825213649467855, 60.56279576512355 56.82410391339145, 60.56926261145194 56.82781743451898, 60.56670918862072 56.832641144809806, 60.55768741937028 56.83375100918092, 60.55122087530655 56.83003703493073))",206,489.0
8810c22983fffff,"POLYGON ((60.56670918862072 56.832641144809806, 60.56926261145194 56.82781743451898, 60.57828308767347 56.82670660814343, 60.58475194275113 56.830419363473524, 60.582200020637764 56.835243398367695, 60.57317774246118 56.83635435336427, 60.56670918862072 56.832641144809806))",161,561.0
8810c22985fffff,"POLYGON ((60.54731096075893 56.821499363012606, 60.54986578804021 56.816675793560556, 60.55888395375022 56.815566185658355, 60.565349093364006 56.819280019069744, 60.56279576512355 56.82410391339145, 60.553775797960846 56.825213649467855, 60.54731096075893 56.821499363012606))",192,513.0
8810c22987fffff,"POLYGON ((60.56279576512355 56.82410391339145, 60.565349093364006 56.819280019069744, 60.57436776826518 56.818169321194674, 60.58083491597872 56.82188238917664, 60.57828308767347 56.82670660814343, 60.56926261145194 56.82781743451898, 60.56279576512355 56.82410391339145))",189,480.0
8810c22989fffff,"POLYGON ((60.539643098679065 56.8359686852159, 60.5421996162545 56.83114580892168, 60.55122087530655 56.83003703493073, 60.55768741937028 56.83375100918092, 60.55513240150518 56.83857421048594, 60.54610933959803 56.83968311256574, 60.539643098679065 56.8359686852159))",281,483.0
8810c2298bfffff,"POLYGON ((60.55513240150518 56.83857421048594, 60.55768741937028 56.83375100918092, 60.56670918862072 56.832641144809806, 60.57317774246118 56.83635435336427, 60.570624225201946 56.84117787945555, 60.56160065322848 56.84228787224194, 60.55513240150518 56.83857421048594))",338,522.0
8810c2298dfffff,"POLYGON ((60.53573508234407 56.827431069445645, 60.53829150392636 56.82260800903518, 60.54731096075893 56.821499363012606, 60.553775797960846 56.825213649467855, 60.55122087530655 56.83003703493073, 60.5421996162545 56.83114580892168, 60.53573508234407 56.827431069445645))",227,489.0
8810c22991fffff,"POLYGON ((60.58611856811917 56.843779691409495, 60.58867058387733 56.83895584075663, 60.597693369706924 56.83784379488966, 60.60416594196671 56.84155547064345, 60.60161542860456 56.84637964563294, 60.592590840318856 56.847491820567946, 60.58611856811917 56.843779691409495))",46,549.0
8810c22993fffff,"POLYGON ((60.60161542860456 56.84637964563294, 60.60416594196671 56.84155547064345, 60.613189234175344 56.84044233366147, 60.619663815075405 56.84415324231056, 60.61711480500392 56.84897774141162, 60.60808971047402 56.850091007787995, 60.60161542860456 56.84637964563294))",76,545.0
8810c22995fffff,"POLYGON ((60.582200020637764 56.835243398367695, 60.58475194275113 56.830419363473524, 60.59377292675927 56.82930744655391, 60.6002437902079 56.833019435617004, 60.597693369706924 56.83784379488966, 60.58867058387733 56.83895584075663, 60.582200020637764 56.835243398367695))",290,592.0
8810c22997fffff,"POLYGON ((60.597693369706924 56.83784379488966, 60.6002437902079 56.833019435617004, 60.6092652807296 56.831906427908685, 60.6157381521697 56.835617650235335, 60.613189234175344 56.84044233366147, 60.60416594196671 56.84155547064345, 60.597693369706924 56.83784379488966))",44,493.0
8810c22999fffff,"POLYGON ((60.57454087582825 56.84971411687087, 60.57709448735253 56.844890775147704, 60.58611856811917 56.843779691409495, 60.592590840318856 56.847491820567946, 60.59003873107937 56.85231548681089, 60.581012847087436 56.853426699411465, 60.57454087582825 56.84971411687087))",101,512.0
8810c2299bfffff,"POLYGON ((60.59003873107937 56.85231548681089, 60.592590840318856 56.847491820567946, 60.60161542860456 56.84637964563294, 60.60808971047402 56.850091007787995, 60.60553910441475 56.85491499832573, 60.59651271303794 56.85602730244955, 60.59003873107937 56.85231548681089))",180,513.0
8810c2299dfffff,"POLYGON ((60.570624225201946 56.84117787945555, 60.57317774246118 56.83635435336427, 60.582200020637764 56.835243398367695, 60.58867058387733 56.83895584075663, 60.58611856811917 56.843779691409495, 60.57709448735253 56.844890775147704, 60.570624225201946 56.84117787945555))",169,563.0
8810c229a1fffff,"POLYGON ((60.554973753541205 56.80702796206847, 60.557526892112826 56.80220370019127, 60.56654196627639 56.80109325895575, 60.57300570165279 56.804806951373614, 60.57045406145271 56.80963153797943, 60.56143718723739 56.81074210747452, 60.554973753541205 56.80702796206847))",84,464.0
8810c229a3fffff,"POLYGON ((60.57045406145271 56.80963153797943, 60.57300570165279 56.804806951373614, 60.582021284001954 56.8036954205725, 60.588487025802856 56.80740834782735, 60.58593688486749 56.8122332589372, 60.576919502599296 56.81334491832397, 60.57045406145271 56.80963153797943))",91,476.0
8810c229a5fffff,"POLYGON ((60.55106516353775 56.798489243079764, 60.55361820703171 56.79366479767806, 60.562631481777466 56.792554484581785, 60.56909351217988 56.79626848878369, 60.56654196627639 56.80109325895575, 60.557526892112826 56.80220370019127, 60.55106516353775 56.798489243079764))",55,455.0
8810c229a7fffff,"POLYGON ((60.56654196627639 56.80109325895575, 60.56909351217988 56.79626848878369, 60.578107295243605 56.795157086447844, 60.584571331422175 56.798870325854594, 60.582021284001954 56.8036954205725, 60.57300570165279 56.804806951373614, 60.56654196627639 56.80109325895575))",142,445.0
8810c229a9fffff,"POLYGON ((60.54340265690285 56.81296119518937, 60.54595738864916 56.80813744191684, 60.554973753541205 56.80702796206847, 60.56143718723739 56.81074210747452, 60.55888395375022 56.815566185658355, 60.54986578804021 56.816675793560556, 60.54340265690285 56.81296119518937))",110,500.0
8810c229abfffff,"POLYGON ((60.55888395375022 56.815566185658355, 60.56143718723739 56.81074210747452, 60.57045406145271 56.80963153797943, 60.576919502599296 56.81334491832397, 60.57436776826518 56.818169321194674, 60.565349093364006 56.819280019069744, 60.55888395375022 56.815566185658355))",229,493.0
8810c229adfffff,"POLYGON ((60.53949596277959 56.804422531918874, 60.54205059882918 56.79959859499467, 60.55106516353775 56.798489243079764, 60.557526892112826 56.80220370019127, 60.554973753541205 56.80702796206847, 60.54595738864916 56.80813744191684, 60.53949596277959 56.804422531918874))",157,449.0
8810c229b1fffff,"POLYGON ((60.589854098799826 56.82077060108373, 60.59240433308716 56.81594587375082, 60.60142222213706 56.81483312422775, 60.60789167705134 56.81854497304113, 60.60534294370412 56.82337002461137, 60.59632325423523 56.82448290316675, 60.589854098799826 56.82077060108373))",76,595.0
8810c229b3fffff,"POLYGON ((60.60534294370412 56.82337002461137, 60.60789167705134 56.81854497304113, 60.61691007161087 56.8174311331374, 60.623381532840135 56.82114221548142, 60.62083430132614 56.82596759106395, 60.61181410648247 56.827081560326114, 60.60534294370412 56.82337002461137))",124,592.0
8810c229b5fffff,"POLYGON ((60.58593688486749 56.8122332589372, 60.588487025802856 56.80740834782735, 60.597503115067326 56.80629572721601, 60.60397086291472 56.810007888838626, 60.60142222213706 56.81483312422775, 60.59240433308716 56.81594587375082, 60.58593688486749 56.8122332589372))",304,518.0
8810c229b7fffff,"POLYGON ((60.60142222213706 56.81483312422775, 60.60397086291472 56.810007888838626, 60.61298745782335 56.80889417817272, 60.61945721133815 56.812605573694015, 60.61691007161087 56.8174311331374, 60.60789167705134 56.81854497304113, 60.60142222213706 56.81483312422775))",307,531.0
8810c229b9fffff,"POLYGON ((60.57828308767347 56.82670660814343, 60.58083491597872 56.82188238917664, 60.589854098799826 56.82077060108373, 60.59632325423523 56.82448290316675, 60.59377292675927 56.82930744655391, 60.58475194275113 56.830419363473524, 60.57828308767347 56.82670660814343))",693,574.0
8810c229bbfffff,"POLYGON ((60.59377292675927 56.82930744655391, 60.59632325423523 56.82448290316675, 60.60534294370412 56.82337002461137, 60.61181410648247 56.827081560326114, 60.6092652807296 56.831906427908685, 60.6002437902079 56.833019435617004, 60.59377292675927 56.82930744655391))",125,571.0
8810c229bdfffff,"POLYGON ((60.57436776826518 56.818169321194674, 60.576919502599296 56.81334491832397, 60.58593688486749 56.8122332589372, 60.59240433308716 56.81594587375082, 60.589854098799826 56.82077060108373, 60.58083491597872 56.82188238917664, 60.57436776826518 56.818169321194674))",187,488.0
8810c229c1fffff,"POLYGON ((60.512574668709156 56.83929006716296, 60.51513428041345 56.8344680257649, 60.524156318371816 56.833361304361155, 60.53062054811058 56.83707649683472, 60.52806243510683 56.841898863650535, 60.51903859339553 56.8430057126107, 60.512574668709156 56.83929006716296))",108,487.0
8810c229c3fffff,"POLYGON ((60.52806243510683 56.841898863650535, 60.53062054811058 56.83707649683472, 60.539643098679065 56.8359686852159, 60.54610933959803 56.83968311256574, 60.54355272619133 56.84450580457513, 60.53452837200043 56.84561374407687, 60.52806243510683 56.841898863650535))",56,516.0
8810c229c7fffff,"POLYGON ((60.524156318371816 56.833361304361155, 60.52671433476183 56.82853875330202, 60.53573508234407 56.827431069445645, 60.5421996162545 56.83114580892168, 60.539643098679065 56.8359686852159, 60.53062054811058 56.83707649683472, 60.524156318371816 56.833361304361155))",159,453.0
8810c229d1fffff,"POLYGON ((60.547463965841054 56.85304242706578, 60.55002067491691 56.84821991950971, 60.559045540315026 56.84711088922052, 60.56551550049617 56.85082423819313, 60.56296029269699 56.855647070676746, 60.55393362317173 56.85675622929598, 60.547463965841054 56.85304242706578))",113,479.0
8810c229d3fffff,"POLYGON ((60.56296029269699 56.855647070676746, 60.56551550049617 56.85082423819313, 60.57454087582825 56.84971411687087, 60.581012847087436 56.853426699411465, 60.5784591414613 56.85824985659797, 60.569431962134765 56.85936010657683, 60.56296029269699 56.855647070676746))",293,546.0
8810c229d7fffff,"POLYGON ((60.559045540315026 56.84711088922052, 60.56160065322848 56.84228787224194, 60.570624225201946 56.84117787945555, 60.57709448735253 56.844890775147704, 60.57454087582825 56.84971411687087, 60.56551550049617 56.85082423819313, 60.559045540315026 56.84711088922052))",219,512.0
8810c229dbfffff,"POLYGON ((60.55137681858905 56.86157855223024, 60.55393362317173 56.85675622929598, 60.56296029269699 56.855647070676746, 60.569431962134765 56.85936010657683, 60.56687665961275 56.864182754397, 60.55784818532394 56.865292041466994, 60.55137681858905 56.86157855223024))",140,501.0
8810c229e1fffff,"POLYGON ((60.51634891317301 56.816284698235336, 60.51890673585176 56.81146177919545, 60.52792387936901 56.81035435050278, 60.53438500165445 56.814069713363985, 60.531828676226944 56.81889295772204, 60.522809730995014 56.820000513936385, 60.51634891317301 56.816284698235336))",3,441.0
8810c229e3fffff,"POLYGON ((60.531828676226944 56.81889295772204, 60.53438500165445 56.814069713363985, 60.54340265690285 56.81296119518937, 60.54986578804021 56.816675793560556, 60.54731096075893 56.821499363012606, 60.53829150392636 56.82260800903518, 60.531828676226944 56.81889295772204))",197,479.0
8810c229e5fffff,"POLYGON ((60.512447622792706 56.807745652314125, 60.515005348374366 56.80292254953688, 60.52402069081231 56.80181524824564, 60.53048010848026 56.805530922365854, 60.52792387936901 56.81035435050278, 60.51890673585176 56.81146177919545, 60.512447622792706 56.807745652314125))",28,387.0
8810c229e7fffff,"POLYGON ((60.52792387936901 56.81035435050278, 60.53048010848026 56.805530922365854, 60.53949596277959 56.804422531918874, 60.54595738864916 56.80813744191684, 60.54340265690285 56.81296119518937, 60.53438500165445 56.814069713363985, 60.52792387936901 56.81035435050278))",33,494.0
8810c229ebfffff,"POLYGON ((60.52025181138007 56.82482324907022, 60.522809730995014 56.820000513936385, 60.531828676226944 56.81889295772204, 60.53829150392636 56.82260800903518, 60.53573508234407 56.827431069445645, 60.52671433476183 56.82853875330202, 60.52025181138007 56.82482324907022))",21,378.0
8810c229edfffff,"POLYGON ((60.500871673240454 56.8136745852686, 60.503430992275256 56.808851991770794, 60.512447622792706 56.807745652314125, 60.51890673585176 56.81146177919545, 60.51634891317301 56.816284698235336, 60.507330480811284 56.817391164887425, 60.500871673240454 56.8136745852686))",77,383.0
8810c22d03fffff,"POLYGON ((60.702809318162615 56.910542780580606, 60.70535283623982 56.90571809778959, 60.71438946050408 56.904598713598595, 60.72088437185886 56.908303880480425, 60.7183423662699 56.91312888600027, 60.70930393656989 56.914248401945855, 60.702809318162615 56.910542780580606))",1,387.0
8810c22d23fffff,"POLYGON ((60.706488539082045 56.88753686083536, 60.70903028273678 56.882711299179725, 60.71806199279425 56.88159121596844, 60.724553762321236 56.88529656273258, 60.72201352968222 56.890122447017646, 60.712980016232905 56.89124266194548, 60.706488539082045 56.88753686083536))",1,545.0
8810c22d39fffff,"POLYGON ((60.71438946050408 56.904598713598595, 60.716931378950065 56.89977352253181, 60.725966696424805 56.89865317576592, 60.73246189984501 56.902357888143584, 60.7299214939929 56.907183401754885, 60.72088437185886 56.908303880480425, 60.71438946050408 56.904598713598595))",6,396.0
8810c22d69fffff,"POLYGON ((60.64070224901209 56.90017970420788, 60.64325180808158 56.89535631459612, 60.65228642802798 56.89424130611475, 60.658773294632184 56.89794955683385, 60.6562252444661 56.90277327007961, 60.64718881852402 56.90388840900845, 60.64070224901209 56.90017970420788))",60,458.0
8810c22d6dfffff,"POLYGON ((60.63676695363116 56.8916472940915, 60.639316421614595 56.88682371914392, 60.64834923620107 56.88570884098874, 60.65483438789579 56.88941740749111, 60.65228642802798 56.89424130611475, 60.64325180808158 56.89535631459612, 60.63676695363116 56.8916472940915))",8,458.0
8810c22f21fffff,"POLYGON ((60.609863522416376 56.92651780272376, 60.612417974954624 56.92169612789026, 60.62145830765174 56.92058388003638, 60.627945996496635 56.92429317710002, 60.62539305332154 56.92911517607707, 60.61635091166927 56.93022755388304, 60.609863522416376 56.92651780272376))",5,471.0
8810c22f25fffff,"POLYGON ((60.605932302019625 56.917986060975835, 60.60848666176989 56.91316420025967, 60.61752518614963 56.91205208223649, 60.624011158827514 56.91576169513486, 60.62145830765174 56.92058388003638, 60.612417974954624 56.92169612789026, 60.605932302019625 56.917986060975835))",47,459.0
8810c22f2dfffff,"POLYGON ((60.594336515902945 56.923918565401365, 60.596892476904806 56.91909721493695, 60.605932302019625 56.917986060975835, 60.612417974954624 56.92169612789026, 60.609863522416376 56.92651780272376, 60.60082188821033 56.92762908630982, 60.594336515902945 56.923918565401365))",11,400.0
8810c239a7fffff,"POLYGON ((60.29594440295154 56.86563934725065, 60.29852874501246 56.860824017324255, 60.3075568727043 56.85973372365111, 60.31400246892079 56.863458636651885, 60.311419617399864 56.86827429523517, 60.30238967885197 56.86936471219582, 60.29594440295154 56.86563934725065))",1,500.0
8810c2648dfffff,"POLYGON ((60.589301843875866 56.72609839172244, 60.5918464697978 56.72127049667771, 60.600844320683116 56.720156026009995, 60.607299337819235 56.72386932185647, 60.604756206147194 56.7286975409684, 60.59575656282364 56.72981214020236, 60.589301843875866 56.72609839172244))",1,600.0
8810c264b9fffff,"POLYGON ((60.6317535628397 56.72534965105036, 60.634293612717954 56.72052060247947, 60.64329117835036 56.71940299889247, 60.64975048524468 56.723114314490445, 60.647211931498525 56.727943686496324, 60.6382125744608 56.72906141950512, 60.6317535628397 56.72534965105036))",6,362.0
8810c264c9fffff,"POLYGON ((60.554657163298025 56.74391669640708, 60.557206551563304 56.739090321166216, 60.566208265319204 56.73797872751767, 60.57266238527064 56.74169338119571, 60.570114490923146 56.74652008105103, 60.56111098244031 56.747631802649515, 60.554657163298025 56.74391669640708))",108,504.0
8810c264cbfffff,"POLYGON ((60.570114490923146 56.74652008105103, 60.57266238527064 56.74169338119571, 60.58166460573589 56.74058070009852, 60.5881207261824 56.74429459061689, 60.585574326641954 56.74912161486229, 60.57657031158188 56.75023442423492, 60.570114490923146 56.74652008105103))",5,536.0
8810c264d1fffff,"POLYGON ((60.60103666881329 56.75172129712821, 60.603581572657696 56.74689394871723, 60.612584802746845 56.74577909199077, 60.61904492305364 56.74949145478476, 60.61650151579401 56.754319127136654, 60.60749649137694 56.75543411278946, 60.60103666881329 56.75172129712821))",26,432.0
8810c264d3fffff,"POLYGON ((60.61650151579401 56.754319127136654, 60.61904492305364 56.74949145478476, 60.62804865605566 56.74837550987841, 60.634510775725346 56.752087108107986, 60.6319688659389 56.75691510417584, 60.6229633387438 56.758031178334015, 60.61650151579401 56.754319127136654))",34,409.0
8810c264d5fffff,"POLYGON ((60.59712345209233 56.74318082182693, 60.599668263458554 56.73835329103522, 60.608669699849976 56.737238563115014, 60.61512811830713 56.74095123721606, 60.612584802746845 56.74577909199077, 60.603581572657696 56.74689394871723, 60.59712345209233 56.74318082182693))",20,458.0
8810c264d7fffff,"POLYGON ((60.612584802746845 56.74577909199077, 60.61512811830713 56.74095123721606, 60.62413005774594 56.73983542144131, 60.63059047492199 56.74354733134551, 60.62804865605566 56.74837550987841, 60.61904492305364 56.74949145478476, 60.612584802746845 56.74577909199077))",32,383.0
8810c264d9fffff,"POLYGON ((60.58948565580691 56.75766203625642, 60.592032148441525 56.75283519451909, 60.60103666881329 56.75172129712821, 60.60749649137694 56.75543411278946, 60.60495149521731 56.76026127865035, 60.59594517975296 56.76137530476223, 60.58948565580691 56.75766203625642))",6,375.0
8810c264dbfffff,"POLYGON ((60.60495149521731 56.76026127865035, 60.60749649137694 56.75543411278946, 60.61650151579401 56.754319127136654, 60.6229633387438 56.758031178334015, 60.620419839948305 56.76285866809366, 60.61141302057287 56.76397378279302, 60.60495149521731 56.76026127865035))",76,471.0
8810c264e3fffff,"POLYGON ((60.58539345047033 56.717556437837175, 60.5879379834266 56.7127283609203, 60.59693404250304 56.711614018698945, 60.603387360166714 56.71532762498381, 60.600844320683116 56.720156026009995, 60.5918464697978 56.72127049667771, 60.58539345047033 56.717556437837175))",2,440.0
8810c26681fffff,"POLYGON ((60.52388526446544 56.77026293352306, 60.526439516115225 56.76543826368132, 60.535446886429085 56.76432942229842, 60.54190180247464 56.76804512334004, 60.539349045183656 56.77287011830144, 60.53033987722145 56.77397908713719, 60.52388526446544 56.77026293352306))",55,409.0
8810c26683fffff,"POLYGON ((60.539349045183656 56.77287011830144, 60.54190180247464 56.76804512334004, 60.550909682767475 56.766935193940206, 60.55736660302037 56.770650131758764, 60.55481534098001 56.77547545161577, 60.54580566316937 56.77658550879428, 60.539349045183656 56.77287011830144))",33,464.0
8810c26689fffff,"POLYGON ((60.512320765380956 56.77619497582537, 60.51487660761746 56.77137081426143, 60.52388526446544 56.77026293352306, 60.53033987722145 56.77397908713719, 60.52778552923022 56.778803574003064, 60.51877507397064 56.77991158198847, 60.512320765380956 56.77619497582537))",5,418.0
8810c2668bfffff,"POLYGON ((60.52778552923022 56.778803574003064, 60.53033987722145 56.77397908713719, 60.539349045183656 56.77287011830144, 60.54580566316937 56.77658550879428, 60.54325281031593 56.78141032073812, 60.534241844072 56.7825194171468, 60.52778552923022 56.778803574003064))",170,423.0
8810c26697fffff,"POLYGON ((60.57028415021363 56.778078932751754, 60.57283391611185 56.77325328822342, 60.5818428125646 56.77214118205497, 60.588303740106475 56.775854592020345, 60.58575547124169 56.78068056099555, 60.57674477753496 56.78179279559426, 60.57028415021363 56.778078932751754))",1,386.0
8810c2669bfffff,"POLYGON ((60.562631481777466 56.792554484581785, 60.56518293322198 56.7877295310124, 60.574194917633555 56.786618257021495, 60.58065724898575 56.790331808290766, 60.578107295243605 56.795157086447844, 60.56909351217988 56.79626848878369, 60.562631481777466 56.792554484581785))",104,470.0
8810c2669dfffff,"POLYGON ((60.54325281031593 56.78141032073812, 60.54580566316937 56.77658550879428, 60.55481534098001 56.77547545161577, 60.5612739638212 56.779190078518006, 60.55872260699779 56.78401521531573, 60.549711131036275 56.78512540039301, 60.54325281031593 56.78141032073812))",139,463.0
8810c266b1fffff,"POLYGON ((60.56246744211534 56.760998801515626, 60.56501701952063 56.75617279129253, 60.5740223233617 56.75506094162411, 60.58047984552097 56.75877497402455, 60.57793176359017 56.76360130877829, 60.568924663759226 56.76471328663667, 60.56246744211534 56.760998801515626))",15,411.0
8810c266b3fffff,"POLYGON ((60.57793176359017 56.76360130877829, 60.58047984552097 56.75877497402455, 60.58948565580691 56.75766203625642, 60.59594517975296 56.76137530476223, 60.59339859418681 56.76620196382217, 60.584390988043666 56.76731503010588, 60.57793176359017 56.76360130877829))",19,455.0
8810c266b5fffff,"POLYGON ((60.55856149952427 56.75245799546615, 60.56111098244031 56.747631802649515, 60.570114490923146 56.74652008105103, 60.57657031158188 56.75023442423492, 60.5740223233617 56.75506094162411, 60.56501701952063 56.75617279129253, 60.55856149952427 56.75245799546615))",181,531.0
8810c266c3fffff,"POLYGON ((60.500753389044164 56.78212554860955, 60.503310822371546 56.777301895633165, 60.512320765380956 56.77619497582537, 60.51877507397064 56.77991158198847, 60.516219134774424 56.78473556044904, 60.50720739259012 56.78584260729791, 60.500753389044164 56.78212554860955))",11,421.0
8810c266c9fffff,"POLYGON ((60.47371893215694 56.78544137483436, 60.47627945020142 56.780618556645095, 60.485290164347106 56.77951368606509, 60.49174216024666 56.783231507200824, 60.48918313532444 56.788054651280014, 60.48017062111287 56.78915964836901, 60.47371893215694 56.78544137483436))",10,437.0
8810c266cbfffff,"POLYGON ((60.48918313532444 56.788054651280014, 60.49174216024666 56.783231507200824, 60.500753389044164 56.78212554860955, 60.50720739259012 56.78584260729791, 60.50464986168435 56.79066607704348, 60.49563683294873 56.79177216246982, 60.48918313532444 56.788054651280014))",497,530.0
8810c266d1fffff,"POLYGON ((60.52011910959961 56.79327565140843, 60.522675145594995 56.78845185622018, 60.53168739990018 56.78734372086774, 60.538145417622474 56.79105925325199, 60.53559087743111 56.795883373658995, 60.52657682344611 56.79699163649864, 60.52011910959961 56.79327565140843))",172,422.0
8810c266d3fffff,"POLYGON ((60.53559087743111 56.795883373658995, 60.538145417622474 56.79105925325199, 60.54715818278175 56.78995002915028, 60.55361820703171 56.79366479767806, 60.55106516353775 56.798489243079764, 60.54205059882918 56.79959859499467, 60.53559087743111 56.795883373658995))",4,383.0
8810c266d5fffff,"POLYGON ((60.516219134774424 56.78473556044904, 60.51877507397064 56.77991158198847, 60.52778552923022 56.778803574003064, 60.534241844072 56.7825194171468, 60.53168739990018 56.78734372086774, 60.522675145594995 56.78845185622018, 60.516219134774424 56.78473556044904))",191,432.0
8810c266d7fffff,"POLYGON ((60.53168739990018 56.78734372086774, 60.534241844072 56.7825194171468, 60.54325281031593 56.78141032073812, 60.549711131036275 56.78512540039301, 60.54715818278175 56.78995002915028, 60.538145417622474 56.79105925325199, 60.53168739990018 56.78734372086774))",245,385.0
8810c266d9fffff,"POLYGON ((60.508547939281954 56.79920611176426, 60.511105567605895 56.794382825418445, 60.52011910959961 56.79327565140843, 60.52657682344611 56.79699163649864, 60.52402069081231 56.80181524824564, 60.515005348374366 56.80292254953688, 60.508547939281954 56.79920611176426))",246,441.0
8810c266ddfffff,"POLYGON ((60.50464986168435 56.79066607704348, 60.50720739259012 56.78584260729791, 60.516219134774424 56.78473556044904, 60.522675145594995 56.78845185622018, 60.52011910959961 56.79327565140843, 60.511105567605895 56.794382825418445, 60.50464986168435 56.79066607704348))",319,414.0
8810c275edfffff,"POLYGON ((60.25754812103564 56.717109745283125, 60.260127530403594 56.71229045445402, 60.269124239164725 56.71120019334436, 60.2755433373788 56.71492910130434, 60.272965406396175 56.71974872107222, 60.26396689854622 56.72083910397602, 60.25754812103564 56.717109745283125))",2,500.0
8810dc9007fffff,"POLYGON ((60.75215411145744 56.80064148080379, 60.75468576943194 56.79581177434242, 60.76369886117321 56.794686719346494, 60.77018208963937 56.79839123863062, 60.76765193858639 56.8032212668731, 60.75863705188014 56.80434645408672, 60.75215411145744 56.80064148080379))",203,471.0
8810dc902dfffff,"POLYGON ((60.72876826347789 56.78098845184948, 60.73130125585229 56.77615870110908, 60.74031026693864 56.77503500062618, 60.74678807923662 56.77874091926959, 60.74425659132926 56.78357099210337, 60.73524578639149 56.78469482423663, 60.72876826347789 56.78098845184948))",10,388.0
8810dc9035fffff,"POLYGON ((60.77524071665631 56.78873049388467, 60.77776919297019 56.78389977754395, 60.78677967805858 56.78277280501851, 60.793263479988994 56.78647641624363, 60.79073651080098 56.79130745399749, 60.781724232291516 56.792434559149505, 60.77524071665631 56.78873049388467))",18,338.0
8810dc903dfffff,"POLYGON ((60.76369886117321 56.794686719346494, 60.76622892806099 56.78985650779027, 60.77524071665631 56.78873049388467, 60.781724232291516 56.792434559149505, 60.779195672427726 56.79726509230286, 60.77018208963937 56.79839123863062, 60.76369886117321 56.794686719346494))",56,444.0
8810dc9045fffff,"POLYGON ((60.6980637073267 56.80737580171357, 60.700601559775464 56.80254775134977, 60.709616266262856 56.80142679732271, 60.71609491682701 56.805133762538674, 60.71355856931514 56.80996213550415, 60.70454206603605 56.811083220688175, 60.6980637073267 56.80737580171357))",33,374.0
8810dc9047fffff,"POLYGON ((60.71355856931514 56.80996213550415, 60.71609491682701 56.805133762538674, 60.72511011918244 56.80401171749198, 60.73159077041063 56.8077179139643, 60.72905592872478 56.81254660930515, 60.72003892971865 56.813668785834565, 60.71355856931514 56.80996213550415))",38,450.0
8810dc9049fffff,"POLYGON ((60.69044678910431 56.82185857271321, 60.69298632216657 56.81703121247665, 60.70200412600481 56.81591108744428, 60.70848419470745 56.8196181916117, 60.705946167260755 56.82444587459107, 60.69692656522935 56.82556613069642, 60.69044678910431 56.82185857271321))",79,490.0
8810dc905bfffff,"POLYGON ((60.74090310802717 56.838148289227064, 60.743438207249504 56.833320145471966, 60.7524592956123 56.83219661337565, 60.7589470828848 56.8359010928989, 60.75641349273401 56.84072955867466, 60.74739060597281 56.84185322294288, 60.74090310802717 56.838148289227064))",1,568.0
8810dc9067fffff,"POLYGON ((60.71722336964343 56.786940438862075, 60.71975795228183 56.78211119345747, 60.72876826347789 56.78098845184948, 60.73524578639149 56.78469482423663, 60.732712708116125 56.78952439191827, 60.72370060229852 56.79064726497195, 60.71722336964343 56.786940438862075))",6,369.0
8810dc9109fffff,"POLYGON ((60.70146932176995 56.75279191444944, 60.70400355667216 56.74796193799708, 60.71300669566468 56.74683972096489, 60.71947739159892 56.75054734945814, 60.716944657931585 56.75537764835831, 60.70793972683002 56.75649999635357, 60.70146932176995 56.75279191444944))",60,405.0
8810dc9141fffff,"POLYGON ((60.674455215440595 56.75615364277448, 60.67699253889978 56.751324494317934, 60.685996477856904 56.75020432469748, 60.69246488610535 56.75391317313658, 60.68992906288933 56.75874264445005, 60.680923330916286 56.75986294450351, 60.674455215440595 56.75615364277448))",19,412.0
8810dc9143fffff,"POLYGON ((60.68992906288933 56.75874264445005, 60.69246488610535 56.75391317313658, 60.70146932176995 56.75279191444944, 60.70793972683002 56.75649999635357, 60.70540540474378 56.761329790298156, 60.696399176202384 56.76245117974361, 60.68992906288933 56.75874264445005))",68,428.0
8810dc9147fffff,"POLYGON ((60.685996477856904 56.75020432469748, 60.68853221310808 56.745374670918835, 60.69753485652392 56.74425354286954, 60.70400355667216 56.74796193799708, 60.70146932176995 56.75279191444944, 60.69246488610535 56.75391317313658, 60.685996477856904 56.75020432469748))",40,401.0
8810dc9155fffff,"POLYGON ((60.70540540474378 56.761329790298156, 60.70793972683002 56.75649999635357, 60.716944657931585 56.75537764835831, 60.7234170594184 56.75908496326022, 60.720884239348266 56.76391507960995, 60.71187751550996 56.765037558688796, 60.70540540474378 56.761329790298156))",11,383.0
8810dc9159fffff,"POLYGON ((60.6977990857121 56.7758177961552, 60.70033508435967 56.77098869028044, 60.70934310640618 56.76986716995615, 60.71581692367323 56.773574624543265, 60.71328242771867 56.77840405296392, 60.70427261153848 56.7795257042877, 60.6977990857121 56.7758177961552))",99,468.0
8810dc915dfffff,"POLYGON ((60.69386326518749 56.76728046842241, 60.696399176202384 56.76245117974361, 60.70540540474378 56.761329790298156, 60.71187751550996 56.765037558688796, 60.70934310640618 56.76986716995615, 60.70033508435967 56.77098869028044, 60.69386326518749 56.76728046842241))",39,377.0
8810dc9181fffff,"POLYGON ((60.82137919931197 56.76489096399817, 60.82390131846162 56.76005823162326, 60.83290658592674 56.758927427519765, 60.83939152431082 56.76262922238435, 60.83687091268866 56.767462275436074, 60.82786385489057 56.76859321298291, 60.82137919931197 56.76489096399817))",1,516.0
8810dc9185fffff,"POLYGON ((60.817418372111234 56.756355666760626, 60.81994040999744 56.751522751873466, 60.828943887754264 56.75039208109228, 60.83542711706893 56.75409419191244, 60.83290658592674 56.758927427519765, 60.82390131846162 56.76005823162326, 60.817418372111234 56.756355666760626))",20,456.0
8810dc9189fffff,"POLYGON ((60.80984891923241 56.77085303947465, 60.81237262690311 56.76602081064267, 60.82137919931197 56.76489096399817, 60.82786385489057 56.76859321298291, 60.82534165464783 56.773425762675856, 60.81633329113396 56.774555742559585, 60.80984891923241 56.77085303947465))",40,451.0
8810dc918dfffff,"POLYGON ((60.805889964388136 56.762317791757525, 60.80841359018217 56.757485380286845, 60.817418372111234 56.756355666760626, 60.82390131846162 56.76005823162326, 60.82137919931197 56.76489096399817, 60.81237262690311 56.76602081064267, 60.805889964388136 56.762317791757525))",211,459.0
8810dc91cbfffff,"POLYGON ((60.78677967805858 56.78277280501851, 60.78930656431156 56.77794158420365, 60.798315745532754 56.77681365334835, 60.8047998328851 56.78051681051344, 60.80227445385927 56.785348352557435, 60.793263479988994 56.78647641624363, 60.78677967805858 56.78277280501851))",7,336.0
8810dc91d5fffff,"POLYGON ((60.8138095017566 56.779387788583286, 60.81633329113396 56.774555742559585, 60.82534165464783 56.773425762675856, 60.831828020250235 56.777127695491984, 60.829305739085 56.78196006233336, 60.82029558384058 56.78309017557742, 60.8138095017566 56.779387788583286))",1,375.0
8810dc91ddfffff,"POLYGON ((60.80227445385927 56.785348352557435, 60.8047998328851 56.78051681051344, 60.8138095017566 56.779387788583286, 60.82029558384058 56.78309017557742, 60.81777171292688 56.7879220386233, 60.8087602515522 56.789051193709625, 60.80227445385927 56.785348352557435))",1,357.0
8810dc91e3fffff,"POLYGON ((60.80193263625838 56.75378204589208, 60.80445618000591 56.74894945195238, 60.813459172080194 56.74781987142353, 60.81994040999744 56.751522751873466, 60.817418372111234 56.756355666760626, 60.80841359018217 56.757485380286845, 60.80193263625838 56.75378204589208))",9,386.0
8810dc9201fffff,"POLYGON ((60.65969190341791 56.848226796340384, 60.66223630852989 56.843401141805884, 60.67125981235799 56.842283768503215, 60.67774071194635 56.84599191919248, 60.675197812915066 56.85081789697838, 60.66617250794748 56.85193540085978, 60.65969190341791 56.848226796340384))",15,577.0
8810dc9205fffff,"POLYGON ((60.65575741540363 56.83969222250382, 60.658301730627215 56.834866383686624, 60.66732343394867 56.8337491408417, 60.67380262228608 56.83745760639235, 60.67125981235799 56.842283768503215, 60.66223630852989 56.843401141805884, 60.65575741540363 56.83969222250382))",155,538.0
8810dc9207fffff,"POLYGON ((60.67125981235799 56.842283768503215, 60.67380262228608 56.83745760639235, 60.682824825881724 56.836339271866784, 60.68930601965002 56.84004696870438, 60.686764715909774 56.844873453883025, 60.67774071194635 56.84599191919248, 60.67125981235799 56.842283768503215))",175,467.0
8810dc9209fffff,"POLYGON ((60.64812109891746 56.8541683547797, 60.65066709972478 56.849343208131664, 60.65969190341791 56.848226796340384, 60.66617250794748 56.85193540085978, 60.6636280131131 56.856760870942864, 60.654601407508764 56.857877413107616, 60.64812109891746 56.8541683547797))",115,490.0
8810dc920bfffff,"POLYGON ((60.6636280131131 56.856760870942864, 60.66617250794748 56.85193540085978, 60.675197812915066 56.85081789697838, 60.681680424553534 56.85452573251646, 60.6791374365856 56.85935152580868, 60.670110329845386 56.86046916038988, 60.6636280131131 56.856760870942864))",8,566.0
8810dc920dfffff,"POLYGON ((60.644188502688664 56.84563383509991, 60.64673441298825 56.84080850404264, 60.65575741540363 56.83969222250382, 60.66223630852989 56.843401141805884, 60.65969190341791 56.848226796340384, 60.65066709972478 56.849343208131664, 60.644188502688664 56.84563383509991))",98,504.0
8810dc9219fffff,"POLYGON ((60.68307868433603 56.8678846545357, 60.68562176107381 56.863059045905786, 60.6946493676707 56.86194031866523, 60.7011356995286 56.865647068943524, 60.6985941313372 56.87047300051415, 60.68956472247411 56.87159185890205, 60.68307868433603 56.8678846545357))",2,522.0
8810dc9221fffff,"POLYGON ((60.663388676722185 56.82521401445231, 60.665931307945144 56.82038748419786, 60.67494991270176 56.81926941087716, 60.68142768507214 56.82297773730507, 60.67888655846739 56.827804590711956, 60.669866154607256 56.828922794574616, 60.663388676722185 56.82521401445231))",45,407.0
8810dc9223fffff,"POLYGON ((60.67888655846739 56.827804590711956, 60.68142768507214 56.82297773730507, 60.69044678910431 56.82185857271321, 60.69692656522935 56.82556613069642, 60.69438694413405 56.830393307029766, 60.68536604113755 56.83151260248961, 60.67888655846739 56.827804590711956))",115,497.0
8810dc9229fffff,"POLYGON ((60.65182454810539 56.8311571498916, 60.65436877327479 56.826331126960454, 60.663388676722185 56.82521401445231, 60.669866154607256 56.828922794574616, 60.66732343394867 56.8337491408417, 60.658301730627215 56.834866383686624, 60.65182454810539 56.8311571498916))",183,494.0
8810dc922bfffff,"POLYGON ((60.66732343394867 56.8337491408417, 60.669866154607256 56.828922794574616, 60.67888655846739 56.827804590711956, 60.68536604113755 56.83151260248961, 60.682824825881724 56.836339271866784, 60.67380262228608 56.83745760639235, 60.66732343394867 56.8337491408417))",153,435.0
8810dc922dfffff,"POLYGON ((60.64789330055898 56.82262157896212, 60.65043743550862 56.81779537208586, 60.659455539714266 56.81667838979368, 60.665931307945144 56.82038748419786, 60.663388676722185 56.82521401445231, 60.65436877327479 56.826331126960454, 60.64789330055898 56.82262157896212))",25,466.0
8810dc9239fffff,"POLYGON ((60.686764715909774 56.844873453883025, 60.68930601965002 56.84004696870438, 60.69832872224258 56.83892754225556, 60.70481192105592 56.84263446991155, 60.702272124395634 56.84746127793182, 60.69324762157508 56.848580835490694, 60.686764715909774 56.844873453883025))",15,467.0
8810dc923dfffff,"POLYGON ((60.682824825881724 56.836339271866784, 60.68536604113755 56.83151260248961, 60.69438694413405 56.830393307029766, 60.70086843120396 56.834100549994325, 60.69832872224258 56.83892754225556, 60.68930601965002 56.84004696870438, 60.682824825881724 56.836339271866784))",237,496.0
8810dc9241fffff,"POLYGON ((60.62104199417866 56.85751265070102, 60.62359109616268 56.85268833609368, 60.63261669566098 56.85157397803166, 60.6390949957274 56.8552838047713, 60.63654739871346 56.86010844322285, 60.62751999639531 56.8612229311266, 60.62104199417866 56.85751265070102))",264,499.0
8810dc9243fffff,"POLYGON ((60.63654739871346 56.86010844322285, 60.6390949957274 56.8552838047713, 60.64812109891746 56.8541683547797, 60.654601407508764 56.857877413107616, 60.65205531635942 56.862702375177804, 60.643027410486525 56.86381795533755, 60.63654739871346 56.86010844322285))",234,485.0
8810dc9245fffff,"POLYGON ((60.61711480500392 56.84897774141162, 60.619663815075405 56.84415324231056, 60.62868761238819 56.84303901396931, 60.635164201547404 56.84674915504436, 60.63261669566098 56.85157397803166, 60.62359109616268 56.85268833609368, 60.61711480500392 56.84897774141162))",386,526.0
8810dc9247fffff,"POLYGON ((60.63261669566098 56.85157397803166, 60.635164201547404 56.84674915504436, 60.644188502688664 56.84563383509991, 60.65066709972478 56.849343208131664, 60.64812109891746 56.8541683547797, 60.6390949957274 56.8552838047713, 60.63261669566098 56.85157397803166))",207,483.0
8810dc9249fffff,"POLYGON ((60.60946439810072 56.86344985251009, 60.61201509669283 56.858626046592676, 60.62104199417866 56.85751265070102, 60.62751999639531 56.8612229311266, 60.62497080266361 56.86604706107167, 60.615942101586924 56.86716058659952, 60.60946439810072 56.86344985251009))",241,553.0
8810dc924bfffff,"POLYGON ((60.62497080266361 56.86604706107167, 60.62751999639531 56.8612229311266, 60.63654739871346 56.86010844322285, 60.643027410486525 56.86381795533755, 60.64047972251048 56.8686424090848, 60.631450516737864 56.869757026951255, 60.62497080266361 56.86604706107167))",203,468.0
8810dc924dfffff,"POLYGON ((60.60553910441475 56.85491499832573, 60.60808971047402 56.850091007787995, 60.61711480500392 56.84897774141162, 60.62359109616268 56.85268833609368, 60.62104199417866 56.85751265070102, 60.61201509669283 56.858626046592676, 60.60553910441475 56.85491499832573))",237,556.0
8810dc9251fffff,"POLYGON ((60.65599115598017 56.87123589583603, 60.658537337305646 56.86641111851224, 60.66756574545485 56.86529444585292, 60.674049775189786 56.86900241993786, 60.67150510140957 56.873827520612295, 60.66247489008146 56.87494432388732, 60.65599115598017 56.87123589583603))",1,400.0
8810dc9253fffff,"POLYGON ((60.67150510140957 56.873827520612295, 60.674049775189786 56.86900241993786, 60.68307868433603 56.8678846545357, 60.68956472247411 56.87159185890205, 60.687021557133484 56.8764172827011, 60.677990844947566 56.87753517904542, 60.67150510140957 56.873827520612295))",10,578.0
8810dc9255fffff,"POLYGON ((60.65205531635942 56.862702375177804, 60.654601407508764 56.857877413107616, 60.6636280131131 56.856760870942864, 60.670110329845386 56.86046916038988, 60.66756574545485 56.86529444585292, 60.658537337305646 56.86641111851224, 60.65205531635942 56.862702375177804))",295,504.0
8810dc9257fffff,"POLYGON ((60.66756574545485 56.86529444585292, 60.670110329845386 56.86046916038988, 60.6791374365856 56.85935152580868, 60.68562176107381 56.863059045905786, 60.68307868433603 56.8678846545357, 60.674049775189786 56.86900241993786, 60.66756574545485 56.86529444585292))",17,470.0
8810dc925dfffff,"POLYGON ((60.64047972251048 56.8686424090848, 60.643027410486525 56.86381795533755, 60.65205531635942 56.862702375177804, 60.658537337305646 56.86641111851224, 60.65599115598017 56.87123589583603, 60.64696144679012 56.872351606284965, 60.64047972251048 56.8686424090848))",115,448.0
8810dc9261fffff,"POLYGON ((60.624760147931035 56.83450355149401, 60.62730747106728 56.82967835994118, 60.636328170011886 56.82856329972825, 60.642803346334574 56.83227330129887, 60.64025752670818 56.837098816596644, 60.631235026982 56.838214006614905, 60.624760147931035 56.83450355149401))",228,522.0
8810dc9263fffff,"POLYGON ((60.64025752670818 56.837098816596644, 60.642803346334574 56.83227330129887, 60.65182454810539 56.8311571498916, 60.658301730627215 56.834866383686624, 60.65575741540363 56.83969222250382, 60.64673441298825 56.84080850404264, 60.64025752670818 56.837098816596644))",121,516.0
8810dc9265fffff,"POLYGON ((60.62083430132614 56.82596759106395, 60.623381532840135 56.82114221548142, 60.63240043163636 56.82002728495308, 60.638873898799844 56.82373760035871, 60.636328170011886 56.82856329972825, 60.62730747106728 56.82967835994118, 60.62083430132614 56.82596759106395))",154,486.0
8810dc9267fffff,"POLYGON ((60.636328170011886 56.82856329972825, 60.638873898799844 56.82373760035871, 60.64789330055898 56.82262157896212, 60.65436877327479 56.826331126960454, 60.65182454810539 56.8311571498916, 60.642803346334574 56.83227330129887, 60.636328170011886 56.82856329972825))",164,487.0
8810dc9269fffff,"POLYGON ((60.613189234175344 56.84044233366147, 60.6157381521697 56.835617650235335, 60.624760147931035 56.83450355149401, 60.631235026982 56.838214006614905, 60.62868761238819 56.84303901396931, 60.619663815075405 56.84415324231056, 60.613189234175344 56.84044233366147))",198,581.0
8810dc926bfffff,"POLYGON ((60.62868761238819 56.84303901396931, 60.631235026982 56.838214006614905, 60.64025752670818 56.837098816596644, 60.64673441298825 56.84080850404264, 60.644188502688664 56.84563383509991, 60.635164201547404 56.84674915504436, 60.62868761238819 56.84303901396931))",122,496.0
8810dc926dfffff,"POLYGON ((60.6092652807296 56.831906427908685, 60.61181410648247 56.827081560326114, 60.62083430132614 56.82596759106395, 60.62730747106728 56.82967835994118, 60.624760147931035 56.83450355149401, 60.6157381521697 56.835617650235335, 60.6092652807296 56.831906427908685))",231,579.0
8810dc9301fffff,"POLYGON ((60.63218448863375 56.78847432124262, 60.6347282610536 56.78364738027542, 60.64373917460986 56.78253091763997, 60.65020811219517 56.78624126627445, 60.64766584037093 56.791068530788785, 60.63865313009943 56.79218512315751, 60.63218448863375 56.78847432124262))",128,468.0
8810dc9303fffff,"POLYGON ((60.64766584037093 56.791068530788785, 60.65020811219517 56.78624126627445, 60.65921952685224 56.78512371391385, 60.66569046599706 56.788833296044615, 60.66314969565826 56.793660883880676, 60.654136484422956 56.79477856630027, 60.64766584037093 56.791068530788785))",35,537.0
8810dc9305fffff,"POLYGON ((60.62826132540948 56.779936265605485, 60.630805006785316 56.77510914153823, 60.63981412425727 56.7739928085156, 60.646281356171485 56.777703469983386, 60.64373917460986 56.78253091763997, 60.6347282610536 56.78364738027542, 60.62826132540948 56.779936265605485))",52,450.0
8810dc9307fffff,"POLYGON ((60.64373917460986 56.78253091763997, 60.646281356171485 56.777703469983386, 60.65529097488094 56.776586047561246, 60.66176020771025 56.78029594289325, 60.65921952685224 56.78512371391385, 60.65020811219517 56.78624126627445, 60.64373917460986 56.78253091763997))",173,557.0
8810dc9309fffff,"POLYGON ((60.620626916811375 56.79441625777128, 60.62317228059788 56.789589823803475, 60.63218448863375 56.78847432124262, 60.63865313009943 56.79218512315751, 60.636109266799956 56.79701188085555, 60.62709526128123 56.79812751294441, 60.620626916811375 56.79441625777128))",288,493.0
8810dc930bfffff,"POLYGON ((60.636109266799956 56.79701188085555, 60.63865313009943 56.79218512315751, 60.64766584037093 56.791068530788785, 60.654136484422956 56.79477856630027, 60.651594122501045 56.7996056475032, 60.642579614883076 56.80072236972575, 60.636109266799956 56.79701188085555))",200,527.0
8810dc930dfffff,"POLYGON ((60.61670564209958 56.785878255953655, 60.61925091422493 56.7810516387588, 60.62826132540948 56.779936265605485, 60.6347282610536 56.78364738027542, 60.63218448863375 56.78847432124262, 60.62317228059788 56.789589823803475, 60.61670564209958 56.785878255953655))",27,475.0
8810dc9329fffff,"POLYGON ((60.62433977616735 56.7713977144029, 60.62688336633499 56.76657040740482, 60.635890688353314 56.76545420387458, 60.64235621539157 56.76916517788594, 60.63981412425727 56.7739928085156, 60.630805006785316 56.77510914153823, 60.62433977616735 56.7713977144029))",10,492.0
8810dc932dfffff,"POLYGON ((60.620419839948305 56.76285866809366, 60.6229633387438 56.758031178334015, 60.6319688659389 56.75691510417584, 60.63843268889582 56.76062639044115, 60.635890688353314 56.76545420387458, 60.62688336633499 56.76657040740482, 60.620419839948305 56.76285866809366))",6,455.0
8810dc9331fffff,"POLYGON ((60.67077032638638 56.77917743082889, 60.673309416787326 56.77434915361209, 60.68231823911672 56.773229682132225, 60.688789765821056 56.77693835743614, 60.6862521771196 56.78176695760813, 60.67724155974846 56.782886559557085, 60.67077032638638 56.77917743082889))",85,421.0
8810dc9333fffff,"POLYGON ((60.6862521771196 56.78176695760813, 60.688789765821056 56.77693835743614, 60.6977990857121 56.7758177961552, 60.70427261153848 56.7795257042877, 60.701736525424614 56.78435462718902, 60.692725410630985 56.78547531926463, 60.6862521771196 56.78176695760813))",148,455.0
8810dc9335fffff,"POLYGON ((60.666839889589085 56.77063971160445, 60.66937889096015 56.76581125149922, 60.67838591887729 56.76469191036793, 60.684855739569905 56.76840089902936, 60.68231823911672 56.773229682132225, 60.673309416787326 56.77434915361209, 60.666839889589085 56.77063971160445))",74,436.0
8810dc9339fffff,"POLYGON ((60.65921952685224 56.78512371391385, 60.66176020771025 56.78029594289325, 60.67077032638638 56.77917743082889, 60.67724155974846 56.782886559557085, 60.674702380483204 56.787714653716165, 60.66569046599706 56.788833296044615, 60.65921952685224 56.78512371391385))",405,546.0
8810dc933bfffff,"POLYGON ((60.674702380483204 56.787714653716165, 60.67724155974846 56.782886559557085, 60.6862521771196 56.78176695760813, 60.692725410630985 56.78547531926463, 60.690187733847324 56.790303736336405, 60.6811753208047 56.79142346887511, 60.674702380483204 56.787714653716165))",7,378.0
8810dc933dfffff,"POLYGON ((60.65529097488094 56.776586047561246, 60.65783156609292 56.77175809352528, 60.666839889589085 56.77063971160445, 60.673309416787326 56.77434915361209, 60.67077032638638 56.77917743082889, 60.66176020771025 56.78029594289325, 60.65529097488094 56.776586047561246))",89,509.0
8810dc9341fffff,"POLYGON ((60.59358562153448 56.7977578340345, 60.59613407668217 56.79293223151434, 60.60514707418763 56.79181877896245, 60.6116134146638 56.795530799969825, 60.60906645900241 56.80035672662826, 60.60005166311173 56.8014703081769, 60.59358562153448 56.7977578340345))",89,609.0
8810dc9343fffff,"POLYGON ((60.60906645900241 56.80035672662826, 60.6116134146638 56.795530799969825, 60.620626916811375 56.79441625777128, 60.62709526128123 56.79812751294441, 60.62454980599769 56.80295376351611, 60.6155345055997 56.80406843503733, 60.60906645900241 56.80035672662826))",327,497.0
8810dc9345fffff,"POLYGON ((60.58966974057891 56.78921944514155, 60.59221810266665 56.78439365930932, 60.60122930241927 56.783280335633805, 60.607693937570275 56.786992668949985, 60.60514707418763 56.79181877896245, 60.59613407668217 56.79293223151434, 60.58966974057891 56.78921944514155))",7,343.0
8810dc9347fffff,"POLYGON ((60.60514707418763 56.79181877896245, 60.607693937570275 56.786992668949985, 60.61670564209958 56.785878255953655, 60.62317228059788 56.789589823803475, 60.620626916811375 56.79441625777128, 60.6116134146638 56.795530799969825, 60.60514707418763 56.79181877896245))",312,521.0
8810dc9349fffff,"POLYGON ((60.582021284001954 56.8036954205725, 60.584571331422175 56.798870325854594, 60.59358562153448 56.7977578340345, 60.60005166311173 56.8014703081769, 60.597503115067326 56.80629572721601, 60.588487025802856 56.80740834782735, 60.582021284001954 56.8036954205725))",196,526.0
8810dc934bfffff,"POLYGON ((60.597503115067326 56.80629572721601, 60.60005166311173 56.8014703081769, 60.60906645900241 56.80035672662826, 60.6155345055997 56.80406843503733, 60.61298745782335 56.80889417817272, 60.60397086291472 56.810007888838626, 60.597503115067326 56.80629572721601))",617,512.0
8810dc934dfffff,"POLYGON ((60.578107295243605 56.795157086447844, 60.58065724898575 56.790331808290766, 60.58966974057891 56.78921944514155, 60.59613407668217 56.79293223151434, 60.59358562153448 56.7977578340345, 60.584571331422175 56.798870325854594, 60.578107295243605 56.795157086447844))",154,466.0
8810dc9351fffff,"POLYGON ((60.62847431061894 56.81149077272954, 60.631019857235266 56.80666470572298, 60.6400356608686 56.80554894398552, 60.646507716365555 56.80925911952143, 60.64396367180095 56.81408551017392, 60.634946069420884 56.81520140168059, 60.62847431061894 56.81149077272954))",84,608.0
8810dc9355fffff,"POLYGON ((60.62454980599769 56.80295376351611, 60.62709526128123 56.79812751294441, 60.636109266799956 56.79701188085555, 60.642579614883076 56.80072236972575, 60.6400356608686 56.80554894398552, 60.631019857235266 56.80666470572298, 60.62454980599769 56.80295376351611))",345,493.0
8810dc9357fffff,"POLYGON ((60.6400356608686 56.80554894398552, 60.642579614883076 56.80072236972575, 60.651594122501045 56.7996056475032, 60.658066473815886 56.803315369601975, 60.655524021961476 56.808142267324406, 60.646507716365555 56.80925911952143, 60.6400356608686 56.80554894398552))",49,466.0
8810dc9359fffff,"POLYGON ((60.61691007161087 56.8174311331374, 60.61945721133815 56.812605573694015, 60.62847431061894 56.81149077272954, 60.634946069420884 56.81520140168059, 60.63240043163636 56.82002728495308, 60.623381532840135 56.82114221548142, 60.61691007161087 56.8174311331374))",187,564.0
8810dc935bfffff,"POLYGON ((60.63240043163636 56.82002728495308, 60.634946069420884 56.81520140168059, 60.64396367180095 56.81408551017392, 60.65043743550862 56.81779537208586, 60.64789330055898 56.82262157896212, 60.638873898799844 56.82373760035871, 60.63240043163636 56.82002728495308))",90,499.0
8810dc935dfffff,"POLYGON ((60.61298745782335 56.80889417817272, 60.6155345055997 56.80406843503733, 60.62454980599769 56.80295376351611, 60.631019857235266 56.80666470572298, 60.62847431061894 56.81149077272954, 60.61945721133815 56.812605573694015, 60.61298745782335 56.80889417817272))",626,545.0
8810dc9361fffff,"POLYGON ((60.597313142738415 56.77474139710086, 60.599859821073245 56.76991492088756, 60.60886793226119 56.768800765934486, 60.61533116120286 56.772512958269054, 60.61278598090253 56.77733975852182, 60.603776073359704 56.77845404243636, 60.597313142738415 56.77474139710086))",166,470.0
8810dc9365fffff,"POLYGON ((60.59339859418681 56.76620196382217, 60.59594517975296 56.76137530476223, 60.60495149521731 56.76026127865035, 60.61141302057287 56.76397378279302, 60.60886793226119 56.768800765934486, 60.599859821073245 56.76991492088756, 60.59339859418681 56.76620196382217))",177,421.0
8810dc9367fffff,"POLYGON ((60.60886793226119 56.768800765934486, 60.61141302057287 56.76397378279302, 60.620419839948305 56.76285866809366, 60.62688336633499 56.76657040740482, 60.62433977616735 56.7713977144029, 60.61533116120286 56.772512958269054, 60.60886793226119 56.768800765934486))",28,487.0
8810dc9369fffff,"POLYGON ((60.58575547124169 56.78068056099555, 60.588303740106475 56.775854592020345, 60.597313142738415 56.77474139710086, 60.603776073359704 56.77845404243636, 60.60122930241927 56.783280335633805, 60.59221810266665 56.78439365930932, 60.58575547124169 56.78068056099555))",108,446.0
8810dc936bfffff,"POLYGON ((60.60122930241927 56.783280335633805, 60.603776073359704 56.77845404243636, 60.61278598090253 56.77733975852182, 60.61925091422493 56.7810516387588, 60.61670564209958 56.785878255953655, 60.607693937570275 56.786992668949985, 60.60122930241927 56.783280335633805))",78,419.0
8810dc936dfffff,"POLYGON ((60.5818428125646 56.77214118205497, 60.584390988043666 56.76731503010588, 60.59339859418681 56.76620196382217, 60.599859821073245 56.76991492088756, 60.597313142738415 56.77474139710086, 60.588303740106475 56.775854592020345, 60.5818428125646 56.77214118205497))",228,457.0
